product_name,description,price,production_date,exp_date,quantity,store_id,user_id,category_id
XKbngSUwBsDGue,nOvGTDMXaw,347,2019-07-06,2021-09-30,17,1,1,1
PbuSFmLjKJgW,qRFXdAUKOKr,49,2019-11-20,2021-12-22,36,1,1,1
AMhRYLKufDUx,zkeHj BGWjZwhZTC,522,2019-01-30,2021-07-14,30,1,1,1
gDzPbpldp SNMzD ,pwILURPHHFSKVeqNYLYmNasnr,382,2019-03-13,2021-10-29,2,1,1,1
ZFsJrCmJdxnq,LJUCJQfWtodxnDQQGHfVnwZCF,531,2019-09-28,2021-01-18,80,1,1,1
DVAYHQfTQfmWEOGvR,DKBGwwlYWLuamQeoLXvCyqekZWKRy,657,2019-11-20,2021-04-02,47,1,1,1
OPsUTWCuotiKxHA,KppbXGtkLfZZfCIE,562,2019-04-14,2021-05-30,29,1,1,1
w CtVggMhkHmINpLC,DLGJXbvdfmdsV,411,2019-08-09,2021-12-30,81,1,1,1
ArCoHchA,QSavoeDtwfr QQNxyLttQj,168,2019-06-14,2021-10-21,29,1,1,1
HIqIRBb cCvwFwseyRG,ySuEIXsFzdDXZSpBhPd mdqzuFXT,854,2019-03-22,2021-04-25,66,1,1,1
fNpSscgP,UybUTsrvhUgjwM,228,2019-05-23,2021-06-22,7,1,1,1
t WbfHzcHQPTuChRor,rWmcrRmGDJWsxKIfgOPjyJXsgIJAh,353,2019-07-16,2021-12-15,43,1,1,1
rujLmAxMmjxB,jpQPZxdrMWqmfL,349,2019-04-15,2021-11-17,56,1,1,1
EtendNyhO,JQCCKwNunuvcVBxXcdjRidlwnXBs,952,2019-11-30,2021-01-19,27,1,1,1
zRfNGQCtM,ubFiuY dzWaPQuzjMQShtujHgOn,305,2019-10-04,2021-01-26,2,1,1,1
gMonCnKz,SKejherryKwNRBSKgaqL,3,2019-02-15,2021-07-04,49,1,1,1
IswHFGL FqiYeEQxOQOi,onUjjmVKGtuFtdZOekEtKJLo,736,2019-10-26,2021-11-19,6,1,1,1
HctzRwCbOGwIhHCIh,PrBgUmKOmbOoVwDHU,329,2019-03-12,2021-05-26,45,1,1,1
XhPElBbtYgALbPkBj,qfiCUJEKmYhDUqRrNXBGIYX,818,2019-02-08,2021-10-03,76,1,1,1
UTkIatNaFaZdhpOLoA,lN tXODOvKnxHJmzDTvjqVyfuV,583,2019-01-23,2021-07-25,38,1,1,1
BOAVgGXLGcj,JlqvFltQGJaVVCw,730,2019-11-28,2021-03-20,11,1,1,1
pxcmgWvENUEEF,jwgaoCZdUIMeAatLxCl,878,2019-06-14,2021-09-18,37,1,1,1
yblCUsKzFKf,hdKExBqSOcFLJXvdRuLPgTI,561,2019-10-30,2021-02-05,33,1,1,1
iCiBFeCGIVqC,UuqkFHYoFnWzqyHupaYFb,752,2019-06-18,2021-01-14,51,1,1,1
sMNFpphtdecuGkyFLwz,iXRtXYUnT,143,2019-09-11,2021-03-26,26,1,1,1
N IknxMuParwPbrX,utCEQDugwdcApFdWmqGYBUQObGO,247,2019-02-13,2021-09-03,44,1,1,1
UudjEiehXBUKpSLU,HdIoMEciarsAP,472,2019-08-28,2021-10-03,67,1,1,1
ErXSyUHqbri,VMAjAAPymNrJRfER,280,2019-09-24,2021-11-18,33,1,1,1
EDPDxTpEekoOIUaTzkr,ZAbLVHVmqBEmubhoNkBApLA,584,2019-09-12,2021-03-12,86,1,1,1
wRTtqJ ,X kGlLUMeAgBtnfNNNRTcaZCBbHKt,517,2019-12-24,2021-02-07,83,1,1,1
GtrbnoqKw,yguoVsqLFjI,189,2019-04-15,2021-05-25,10,1,1,1
BmWQSFSkpJqO,hptlJLPnaSwHybdKnuwZBUiuF,944,2019-03-22,2021-08-27,87,1,1,1
eHWzefWGvqQBrlvPqTN,vPVoNRntyXuco,128,2019-10-14,2021-07-27,37,1,1,1
wXSeBkKnIBRaEm,AObUKbCuYhHYwJHCzQkNviZjPQmSbu,630,2019-05-27,2021-02-21,76,1,1,1
NlDeARjAtAYWCv,FexbBPAIDCVzofSnFIx,68,2019-10-14,2021-10-06,31,1,1,1
bAPcgAm jq,xwsoLjAYCBuBSUjOm aS,741,2019-03-27,2021-03-01,54,1,1,1
DUoPZHWAjC S,NsxjxjiQyaxEjqttodN,687,2019-05-26,2021-12-13,76,1,1,1
eHKBnhbxFOrb,xpYwSsTQOMx,358,2019-05-27,2021-09-23,24,1,1,1
ewMkzcNMpRI fMwIspNV,qamogfwTPghER,143,2019-11-30,2021-03-21,12,1,1,1
ExNxwHEPMDwxsMZ,iHre HjgpzekpTTwtSfWGJXm,436,2019-04-24,2021-12-29,97,1,1,1
CLd yNoq,kEQARDOmIsvUTEGAsEDNLByzYTnlhf,894,2019-11-03,2021-08-07,79,1,1,1
rcanryfcYwLihtHVs,vTXomYqRhwiTuJvlmlZHCCkMOLYQF,234,2019-10-15,2021-09-05,76,1,1,1
hEqErEkzftv,HQWvK fPCwALDbXT LH,260,2019-06-05,2021-03-07,64,1,1,1
eUcgT UAXpz,grgkcBAHJtzYC,565,2019-12-24,2021-03-28,45,1,1,1
mkZWEaL,tFdkCCrMRQYlcOiImGu,133,2019-09-25,2021-09-12,48,1,1,1
YdImmJGTD,gpJZoQWnlxWnAVyxvi,332,2019-11-18,2021-12-26,46,1,1,1
qaKQYycGe,rXXtLlmhPoNSpCoFPblJr,158,2019-01-27,2021-05-18,42,1,1,1
uMyNDni,wrGp GVVpOyljK fQ UMjesztr,54,2019-05-16,2021-05-16,11,1,1,1
CdvoYvaOISzBCaoN,MyLuxDEnlQTLQ,392,2019-11-24,2021-08-09,59,1,1,1
kPtskFkvCCSHhhcOZEO,lgQcvLgiLzrdWTN,692,2019-09-15,2021-03-29,66,1,1,1
l heZTpUKMufublqmLAo,FTUcfkYycdQjGaAqTdsYQtK,138,2019-04-30,2021-07-19,73,1,1,1
HxCHij MSS,DzBCTiBYEyTDEN,728,2019-12-26,2021-09-08,66,1,1,1
TDvvUrtwdrGRnBJEBSl, ftCVJBpRyutmCm,570,2019-07-23,2021-01-12,15,1,1,1
WaNtmZeoKOEupczaJSqS,VjoLPtezjj,708,2019-11-09,2021-10-27,100,1,1,1
zXfaTps,HxAptlW WWh HAN,743,2019-12-14,2021-05-11,90,1,1,1
kf xhbTg,KIfGNLRMylKEPCmJMHm,352,2019-06-28,2021-03-27,19,1,1,1
eWhtPQCeSonfGN,Mo J WLDNEWsiTbIQye PPRMY,753,2019-02-20,2021-01-15,18,1,1,1
ngHuwLGcIiHc,CjXtrQueV,57,2019-07-07,2021-10-04,58,1,1,1
SCruVeS,tfBDEmuEGFVIby PiefsCjNd,273,2019-10-01,2021-01-16,91,1,1,1
O lhCuRPT ,hRsiDseCMRVMEzWek,401,2019-04-25,2021-01-16,44,1,1,1
 vyGdEbCLXx zE,nSziAoydbUWgihrweHGdijle,597,2019-08-04,2021-11-25,3,1,1,1
XCuxqcPbEMYBVuJWO,uVAXVIcKuNZGBCoj,657,2019-03-03,2021-01-28,47,1,1,1
wCmSRtG,YcKHRTEVkLtKangune,604,2019-07-26,2021-07-30,41,1,1,1
OoSEGkZP,cIJdLAlphK,722,2019-04-02,2021-12-27,23,1,1,1
xRNHv FPAyIFayv,MwPJpEwCHkgSSWMfqAkxIvBqHWxuiK,628,2019-05-21,2021-05-11,82,1,1,1
HOaOCWzGnB,dVrZOkZRSmDgBDvU,435,2019-05-07,2021-11-05,70,1,1,1
RtOZhPiXcVie,jIcVYSpJFjO,599,2019-10-02,2021-03-14,67,1,1,1
AUDKPIDpnlDAxHI,uIIQoAufzqJRUEIXvZEdluH RfVJd,64,2019-02-20,2021-01-14,56,1,1,1
XaPWUJjObU rbv,eu ZRey IkowwkRyIBKOyI,976,2019-01-05,2021-12-19,58,1,1,1
JtyFagBGaMTJWq,jxPIkEbyf,807,2019-04-28,2021-12-20,81,1,1,1
qzYBPRAV,kWElnTshnbDjWEHlJfquqNKAdCid,550,2019-11-10,2021-09-15,32,1,1,1
WDQdJYMWtouMNRKF,wvsJofGIjEU fdjqa,236,2019-06-28,2021-03-27,86,1,1,1
aPbWOstXVWmrWJkdr Yp,NRNTTIhKd,177,2019-06-07,2021-07-08,77,1,1,1
BSYXCNaPzCZVb,sZTEljDe,763,2019-07-04,2021-03-14,47,1,1,1
oLPCgsYVMz knxL,xIVolNF xDHczygnyvoRnHe,168,2019-12-22,2021-03-03,81,1,1,1
nXhs KQrISj,X aKoHGHtiXBCBZHZiLtkPatZO,267,2019-01-26,2021-07-06,54,1,1,1
TLXeISgFH,sGhZIRNwWhDq IWsgBwuWhneKwJM,931,2019-01-09,2021-05-09,16,1,1,1
OhpeGRYGKJrILxDVv,sOcX bVt KiyJSehZArC,581,2019-06-26,2021-06-09,65,1,1,1
tEHkjOn,qAWTdONGbmxCvLeJ,329,2019-10-14,2021-09-06,78,1,1,1
DOBOhfdQfVrQP,dvhhvhlhDwpyGKjaTgiuDLgbnZCU,351,2019-09-22,2021-02-07,39,1,1,1
rVLdcODz,Ola A Uy cYeZHhlgNI Gae,23,2019-10-28,2021-04-17,45,1,1,1
tmWzbdwavVDIN,ELbtaxHNYUU,594,2019-07-27,2021-07-25,45,1,1,1
ZukDerWexJQbeLDRQ,tQTjKoOxdzxoZ,371,2019-05-01,2021-05-25,80,1,1,1
EYQmrmmgeqc,gDtTStSiMDjijRM,647,2019-02-20,2021-06-13,6,1,1,1
lnbJaZDdTEjMWUYxjoMt,KiwvvPHxAFuOLEDyAiGNIIJrBlOIFW,420,2019-05-25,2021-03-08,25,1,1,1
ORzZAbPoAFEWGTADzDb,xaBGEqLPL,625,2019-05-19,2021-02-21,40,1,1,1
zdhyRrX,xnLpUKxIYFDVBFgNBM,935,2019-06-12,2021-07-14,69,1,1,1
DirRPQvH,iTzZhaipQIAVCNg,896,2019-12-23,2021-11-02,24,1,1,1
CiVloSajeUQe,NfFKeqLmNTvqKlAKmKxwNCTeBrh,412,2019-05-03,2021-03-18,39,1,1,1
ySFnHJwyzUAWtTEC,pdzSDvwZQaqCBGlmtSvRaVGNWqN,972,2019-11-12,2021-12-26,48,1,1,1
KbApnDHtwq,bYqp FHQfUA FE,789,2019-12-11,2021-07-02,99,1,1,1
hHoJMHdBssC,spgelVKrmZAPCEJxIy GwiQkNmmV,719,2019-02-25,2021-09-14,95,1,1,1
zuoZgHQewEROmrR,NSHSIFfMdMeUehZcGdngOlQvfajB,333,2019-11-14,2021-07-01,71,1,1,1
tyj lMicJvTpbELPjQiR,LZmPGzNmSoGAg,766,2019-02-27,2021-09-10,46,1,1,1
tbPteZIrCgQyE,eTTC pAXYi,702,2019-01-11,2021-12-16,35,1,1,1
QOs XvT,YNBEJnbpbeaWoYbQCzhck,365,2019-07-25,2021-01-13,21,1,1,1
bQwiIHURxv,szpBBTQfpul yZKBtV,890,2019-03-09,2021-01-04,47,1,1,1
HWBl khlcDBbnPboWFE,zSJRnXVxpwmcOIVQxGMsEQR,729,2019-06-20,2021-08-11,67,1,1,1
BbcXfTjtAU,pJovNtjOPLnN,320,2019-02-17,2021-03-11,5,1,1,1
xAqbxEL,dljUorsx,528,2019-11-01,2021-01-23,14,1,1,1
hUWkMCiKoi,b aUpLJAa,395,2019-06-09,2021-02-12,37,1,1,1
CUlSUqMMhDmcBSNZczb,JnOn ypyChIfgmaen,668,2019-11-12,2021-02-19,23,1,1,1
aMnsiJsarU QEvWDS,BUIORGWdwPWPIeNAkvdRkwi,432,2019-10-03,2021-04-08,60,1,1,1
mxQqtHB,UvQyNlXOBcoxUMRLztFcKENI,585,2019-07-26,2021-07-01,17,1,1,1
OuKJD KveOI,TcvH skrmOjdbHqHd ,36,2019-07-20,2021-04-03,92,1,1,1
qkGPvXCUldsF,FhdBUeDtOM,66,2019-08-17,2021-01-03,45,1,1,1
hsECRYtQKji,CppUFBoBNhiLTgMahCgsApTbcIu,29,2019-03-15,2021-04-04,50,1,1,1
wHarcFTjYbc,JtBoXZWVxVOpNDoJqWSTqNhgvhKVPa,91,2019-05-11,2021-10-05,64,1,1,1
DVLKdhW,SyNhpeVvhvZHzmqrpzl XK,974,2019-10-10,2021-06-17,55,1,1,1
SCCduwtqiyvOfPdmcdMW,tdCShbHr,407,2019-03-20,2021-06-10,68,1,1,1
iXleURrhZA xLC, mHXtkAUpweiUIDxobNNyZofAoNt,861,2019-10-23,2021-10-27,88,1,1,1
CzPoJQonAJPInfvWiz,BWnxeewmIE,297,2019-04-29,2021-08-09,33,1,1,1
DFMxlPTYUPysNBvq,IeirLhmEovjsrqxZpogMtCGai qFDu,224,2019-09-07,2021-10-21,92,1,1,1
HH rfGPgGjdpl,FkKeywbfbjghUlVZiKKtHyWIJVBJ,854,2019-09-28,2021-11-04,85,1,1,1
wmwqLJMWitoBaOpDg,VAnohMLrF,249,2019-05-10,2021-08-08,46,1,1,1
KDzESCLJgbd,VavSSDYwSahyRd,375,2019-11-05,2021-12-13,29,1,1,1
lQSpnyYOx,VSdBSdbuXOvMXPAzc,810,2019-03-09,2021-05-02,21,1,1,1
oRsffPdOi,hYOtggMkKgqsyKm,952,2019-12-26,2021-05-06,67,1,1,1
pUoTVS rv WQLcpUWX ,tMGrWMTMQQSDhAwtgKOUiIKLag,229,2019-07-11,2021-08-23,50,1,1,1
mBkaHgVnOkZZQgw,uqCSOuUAerbwMuD,683,2019-11-14,2021-07-15,38,1,1,1
lqsgLZwSMHU,tfYTmVbWTsObKcuOAXfJBekDlw,112,2019-02-19,2021-07-09,78,1,1,1
NNpUxbLS NyAIktzSVUF,bzBXtH JqDUHSwfoLAxJwHBnFA,634,2019-11-23,2021-06-25,54,1,1,1
WNoCzSWOeZBMMz,metyCqrwsIM,248,2019-02-13,2021-04-06,24,1,1,1
VilwBdB,TedUyRwpePnRmBRZMFIejeJ,776,2019-04-22,2021-03-19,48,1,1,1
apYantGhHOADqufbRrgM,dLeDMIjpn,595,2019-11-25,2021-08-09,13,1,1,1
vkOaQYlUm,sRETinXqVLyaKGLBPiGPjEvLpJ,44,2019-09-10,2021-01-17,34,1,1,1
mdoFGXzTj,pWMXvEehlJ,696,2019-08-25,2021-04-08,93,1,1,1
XcqKDAZaRYWMLUBWy,ggiOWhnCc,83,2019-05-29,2021-12-12,72,1,1,1
NuFPdnvaJVA,ovTiTrVrVLlZLqLI,881,2019-02-24,2021-12-02,44,1,1,1
TVpYXeifMG,hgmWnH YUKxUUYcsCJa,262,2019-08-29,2021-07-07,21,1,1,1
onVBurDCkibqwDtI,DeDwdbYsTHngjtmsEDkjVdbbIi,812,2019-04-26,2021-10-09,90,1,1,1
DRxBgewt,KUdbuoRIGKWniWbjvSVtia,601,2019-12-28,2021-12-13,59,1,1,1
qJPGhQNgW,SLf pmNKugcaggLpOTSaJEbBQlww ,180,2019-09-14,2021-11-04,76,1,1,1
JiFgiShKqeQuFqUmdGWW,HcjgcvDKKtyGNLXLjLCh,917,2019-09-21,2021-09-06,82,1,1,1
lDEhOyisQYuYbnj,NaZlEC l PtZrlgHMVi,531,2019-09-22,2021-06-04,37,1,1,1
SuIXEhUvGduZfFuKBC,BjNqclsoLfb,162,2019-02-12,2021-02-13,88,1,1,1
GHCpDgsQuoHfbtrJzV,mbqGZY VefJcoNg,908,2019-01-31,2021-12-26,21,1,1,1
WHMHefnBNw i,bYpGWHZIHEh,426,2019-03-03,2021-11-21,17,1,1,1
QdHTwqagcqDtVCp,rjWWsuYrsEUkKklrgvnKqi UhHoh,334,2019-08-10,2021-10-19,81,1,1,1
vjBYpMCSBmTYQRGtEHD,jpsuoBEDAOEqAWtsIeUjlEog,329,2019-02-28,2021-03-21,68,1,1,1
PJPYMBd CgwbudMozd,UPQbqmyZpc N,449,2019-08-15,2021-09-28,78,1,1,1
caXyCUQmb,ALUPMQdVS,598,2019-07-28,2021-07-13,67,1,1,1
fZuUfB elv,jpxZWbOLhSBbrmZIlk GkJZfLZ,28,2019-04-26,2021-07-05,20,1,1,1
BlSqYlyPSvGTZhFwnZ,sDEzWKGGanvpEGCcHdexIbOYRFPTX,324,2019-06-19,2021-03-30,96,1,1,1
hEmLpbS,OIjrdeKyQGYzyyafw,900,2019-04-03,2021-01-28,4,1,1,1
xNQJjkVZNUqNN,sKrmXonYOQOqZktxiXUzqdKssQAmjE,466,2019-12-18,2021-04-16,80,1,1,1
gvGTHbWHZlSth,tMAUYcKBp,399,2019-01-24,2021-03-27,96,1,1,1
QVEoXVSjC,qSsspcygImYlkxs CWglWCoUt,934,2019-07-31,2021-12-25,14,1,1,1
hdNtDN LEuqu,kPHpWIlycnRTY,772,2019-04-23,2021-12-01,95,1,1,1
qwbGutW,gHiDWtwfDM,966,2019-11-19,2021-06-14,5,1,1,1
kDBqYTlvXz,XfUYRxkUnIGrN,902,2019-03-23,2021-04-08,31,1,1,1
BQRRDgXmKgykvvH,mLzajiRrioRJItXGWAdWTDWOo,55,2019-11-29,2021-01-23,1,1,1,1
UsiN QcTQsElWh,MIY JRiRnqUmZc S,672,2019-12-03,2021-05-04,95,1,1,1
xGnGWfa,qRZQnOKbhsZ KACbla PLkfVR,150,2019-03-13,2021-11-22,31,1,1,1
qqFqC linWTfsdTzZI ,FRtCZskOSizjFFRXd,377,2019-12-16,2021-03-26,89,1,1,1
wrxNoCwLLlEJP N,hCzsOcrYAd,522,2019-01-18,2021-08-07,48,1,1,1
aGNItwJCVFwEf wG,AJSL dFbzGZMoBHTXAI B,602,2019-01-12,2021-06-21,32,1,1,1
GWW XJZsPuoN,wVxrxphOO,162,2019-08-21,2021-05-28,87,1,1,1
cGNoefXR,uSlLUFExMHfueP,889,2019-12-20,2021-02-14,69,1,1,1
cioEchk,AlfYlbRKteV,557,2019-05-05,2021-04-07,11,1,1,1
HSLAKLtqhgNZs,MxUIOWgRlnPcgdHJ,315,2019-10-29,2021-11-06,4,1,1,1
gqAJevMHqTpqLRqTmS,VPDCYGYoQjIAkVMasEM,396,2019-12-23,2021-04-01,78,1,1,1
yWtwcwAlK KF,wYxfC ZebEjVCqhkwAx,769,2019-09-25,2021-12-20,38,1,1,1
aAInECG brAYGeF,uiC NsWnKueb YNMdIYLB,696,2019-03-22,2021-11-19,19,1,1,1
CdBEoxyo,mdEgkgTVgWtaEFY,766,2019-05-16,2021-02-22,10,1,1,1
 uokamcT,mYbNLNbASmaQeDBaWDf,388,2019-10-02,2021-03-02,20,1,1,1
dgmvkqkDYBhYhrq,yoDeapOkOgPPtGdxBRzhuIReBzb,532,2019-02-06,2021-09-08,7,1,1,1
zasnZukOd yRXt,lpueKMeTw,814,2019-08-20,2021-01-25,87,1,1,1
KlSOCAfJdPWzKs,YMnInHboBZVfHMcsumG,332,2019-04-27,2021-09-02,17,1,1,1
k oTxiSzmoXritzdUaHG, RUrhEmTLQYE,392,2019-10-05,2021-03-27,26,1,1,1
dfzSFUZ F,IwLdtOBAZkT,738,2019-01-26,2021-09-11,28,1,1,1
NnLVsqcffabrILKYnG,zoGH RzziwwPr,662,2019-05-15,2021-06-10,58,1,1,1
ezMqGbtBdLPufjoi,QdsBOUqibYZxT,267,2019-12-22,2021-10-18,10,1,1,1
Rpxi HiWwZ,jCzZzcosjC BBDUc UBFLBYg,259,2019-01-08,2021-09-07,42,1,1,1
dFIENGRYqiv,ftSFIufU xg ,620,2019-03-25,2021-02-25,98,1,1,1
PmNwPXV,phyTkcXeS,573,2019-09-21,2021-08-13,31,1,1,1
EcSGTRNTUgTYOloKXeW,wiqBYoaHcRa,470,2019-07-06,2021-07-31,89,1,1,1
tVcJFryoaNG,AqnrOWYtmqxdJDyWD,498,2019-08-04,2021-07-29,83,1,1,1
VdtSylwUgNHgdGKtNfTh,xkODUnYwKaHRANz,341,2019-06-15,2021-05-15,27,1,1,1
hQQEmq EFBsSN,boSzCoVfFcs,98,2019-10-29,2021-10-08,25,1,1,1
AjYCtYuRvan sLcqR,jXxKBEovORjvOaimwsEiA,106,2019-05-10,2021-12-24,41,1,1,1
BHWBaBx,KgacGkAZr,521,2019-08-20,2021-01-16,20,1,1,1
hknGJJSXDsWvT,ityCprKvpsQTDprYEbjcbqvEeEUz,169,2019-06-15,2021-01-31,100,1,1,1
BDzGBObD,gsDaFhKFplWskEYSbxMbvVbY,844,2019-08-09,2021-03-30,22,1,1,1
KfUCtjMdgsGee,JywIjZMcQiGGFnOrzyAcbhbKcD,78,2019-01-23,2021-07-04,93,1,1,1
lSuIZeekxIUrDDfUA,GHKjBpnfWmEQoHnfQNswknFK,122,2019-05-29,2021-05-24,14,1,1,1
SglYXXhAlwBnjCSe,ggFnuqKeTAWogmPecP,767,2019-04-29,2021-03-25,72,1,1,1
hBmiLuAA,At DQymklapQcQhgwZtCVZPAKCu,985,2019-01-16,2021-07-10,37,1,1,1
WlkkBqGPsPXYsfYkjob,CvKsPMXulCDlxJkb,868,2019-04-26,2021-11-12,15,1,1,1
pKesc rtzekX Iw,JDYCmnJDoPTgAoRcowM,857,2019-05-27,2021-07-25,18,1,1,1
xhUGLghg,ciLgqcAKZpswJoJhsPEHkD yAt,590,2019-10-30,2021-08-23,82,1,1,1
kTeEHDtIVZ,ytWLmvWGNCxdBxQMzKjWsBQKFg,406,2019-10-14,2021-10-11,9,1,1,1
hHSRMyLefGQDXF,evLYnbIgmjorIJojVHuATn ldcU,195,2019-04-12,2021-08-09,15,1,1,1
NOYkENmD ,AHZTHOFdZyysUcfswSDfVhFN,647,2019-11-16,2021-04-20,88,1,1,1
tpypQaNvzzpKEMhu,KprkRUepDp,494,2019-12-25,2021-02-20,19,1,1,1
TyeDgM rg,noSaghwdKTZTXUHSL,984,2019-11-23,2021-12-21,20,1,1,1
EvXgHbXkrmGLa vY,hCKOSYtll OoqbWyIZsZamRqCzfSR,602,2019-09-09,2021-07-12,22,1,1,1
EtXkAxvHJc,tyWkonCWrAATYtxSRR,87,2019-12-23,2021-07-31,45,1,1,1
fSigpJez,FMcEEyhOfkLrqa YYv,410,2019-09-14,2021-03-05,28,1,1,1
VKgcoslrEPUqWzuHq, npbmA ctqOCwCqEpBjPtGJJSY,778,2019-12-23,2021-06-15,28,1,1,1
Q SiLqxsXLBJ,empYmgLFZSLdHGsYoDhd,848,2019-09-04,2021-05-05,54,1,1,1
nhBCfVdj,WTnHECUDkBvnSKszVAQ,464,2019-02-10,2021-12-17,98,1,1,1
aCjgotqdnCNMB,MYuxeDsQBnCBCrLMUTlVs,802,2019-04-19,2021-01-12,87,1,1,1
wqVTGjKSjcTcdTFOb,yeCJCqtMOfXMioESiVtWVsnWNwza,486,2019-03-15,2021-08-05,37,1,1,1
PmvQP EqhX,cooplckKGwwaSSTnFmWFthA S,332,2019-11-12,2021-07-24,88,1,1,1
SddDMWgymwfNosswa,qvjdYEqDUIFeKUNNC ttEe,466,2019-02-05,2021-05-20,63,1,1,1
MFCKNYELiLkxpT,v kMqgkmemovEvrbVOjGqYyOZcECuW,581,2019-07-21,2021-06-22,70,1,1,1
bVrbOpgJs,PXwlLJdPonFyvykTQEnAAMxBM,590,2019-03-11,2021-08-23,67,1,1,1
wrbzUjhyVRPkvPGd,mtqrJlUWlEkOUlzLIpnGUG,151,2019-01-23,2021-01-20,59,1,1,1
WmocShvSVw Tv,JFsNVAXqIRjbAsmkD Tx jrHTV,63,2019-01-16,2021-04-14,64,1,1,1
UCFLWhwUnUZyMrQa,iVHENoPUtvMOIOyxTWPbVlD,626,2019-12-22,2021-02-15,27,1,1,1
ruOOyHbqEwVQkgciHxf,gJeqgEKfelMolG,1,2019-03-09,2021-10-21,34,1,1,1
EccXuuihRxhaDAQKcPMu,lmwPYbgjVFUZnBUlJAVmjDjgsBo,528,2019-07-13,2021-11-09,53,1,1,1
SuQabIsbNjjzOAUM,xitJdxCnsN,759,2019-05-20,2021-01-05,13,1,1,1
UdykNSDmaiVsASQpbki,xikmsGQGgHaUnwmjYhj,860,2019-03-13,2021-09-14,86,1,1,1
KtnXnAr,dgcsoRCIvoYTBfFXa,632,2019-03-03,2021-10-30,81,1,1,1
UncmjtpnNeLsxHiU,CFTSnkEactcDkZXxVsIOQJVgyB,182,2019-05-01,2021-07-27,81,1,1,1
tsNbG JuabdWDZmdCYp,jJqMzChbsSyeryAgPqWT,771,2019-04-29,2021-02-19,96,1,1,1
WYMsWPgOTj,RrgQGLHwdOGuYMwDtgeaQY,431,2019-10-04,2021-03-25,76,1,1,1
ZOzbeIdvFSPccyY,TkbncCzHJaRkLBclAaWxBAfuGWvyF,676,2019-12-23,2021-11-02,75,1,1,1
FwBmuTmHD,l MVcltBAOzWNtaVyZDVrK,578,2019-06-20,2021-05-18,71,1,1,1
OpzkEE nEWAlbhLW,TBWvZGVroiAUseuEkZZUmg,942,2019-06-25,2021-08-18,54,1,1,1
SWvLHiH,fFEDHEPnwthevxtZLpigqbUGTKTlO,465,2019-01-24,2021-01-16,11,1,1,1
G fjzTkcptlxLuwvlo,fOxlciVcT,937,2019-12-16,2021-07-19,35,1,1,1
BvvJMAKvUKQWwSuyM,fCMYvNHevBXQOV,621,2019-01-24,2021-11-21,93,1,1,1
xjcNUAfJqXkIivZOsKg,jUGBJPqEybVwoQVFnEBwmUZ,926,2019-02-08,2021-02-25,83,1,1,1
xJUVeekpuuL,fNKqpuAuYh,479,2019-09-29,2021-03-28,64,1,1,1
FSlEsHxcihSHcY,wOtfUPaxvdeio,48,2019-02-19,2021-06-28,25,1,1,1
mjTqKmjHacCdGUQ m,CUxF zYxLTvtEqDRcSO,619,2019-11-04,2021-01-31,40,1,1,1
eerKSTCwk,ampaiZAOWtVHZJKwpFsaEaeKnb,346,2019-11-10,2021-08-19,10,1,1,1
YYmEqpgqXx,ZEprNYYEXguFUyIPa,568,2019-10-03,2021-12-16,58,1,1,1
RdmNgAGKcbAbIui,CcxkUkrGOzhqwPIHeILQHTivbcdOZ,137,2019-10-30,2021-07-03,27,1,1,1
KKAMSS oA,IbqKMvZbkfPSEV,658,2019-09-05,2021-06-22,13,1,1,1
jcKxOpVRyqZT,vwGYKAHblXVirxKc zqVvzq ,111,2019-02-07,2021-01-06,67,1,1,1
kvumuZaUrT dHADU,BAStIaZMIW inGAUDWBlYOOiJXS,630,2019-08-01,2021-10-17,61,1,1,1
NfjULOzaZQyl,hyDLwOYZY,574,2019-11-20,2021-10-13,99,1,1,1
WemWby qNtGngvjgRagb,TaaEdNRMnFQ,473,2019-04-11,2021-10-15,12,1,1,1
hZCicFI,qxeiwMYdVgwxueTUgqDOiTDXDkE,74,2019-01-20,2021-05-05,70,1,1,1
WLJLfQajGDjjWK,urcNtU pVmGAmViaLcqyCVVOS,486,2019-09-19,2021-11-15,95,1,1,1
IGPUqiRatJYgoFLz SI,yCZRwqzxiTG,678,2019-02-26,2021-01-25,4,1,1,1
rmFrdosSMVmOmNg,OveZZAUXQOHRPoDKlUiGSyx,576,2019-02-23,2021-10-27,40,1,1,1
DIYJn bLY,JLurVTCLckCUHhpegJmUfugWCuRLw,947,2019-11-04,2021-03-18,57,1,1,1
aS ZCQP,gyHWEYwHy,532,2019-12-27,2021-11-12,21,1,1,1
FTcBSANclAeEPsSntwU,XsqsnvQB,157,2019-09-17,2021-01-10,60,1,1,1
pniOWNrTV,femTFRavLRcrFwMsejbdWZchBEEyX,956,2019-05-05,2021-05-28,92,1,1,1
zVLNggg PiYGhEvUEAWf,efpmKRWuicjs,843,2019-05-24,2021-08-09,14,1,1,1
ieMjKNeW,qRkSjE MJWtuamzRRgIty,110,2019-07-12,2021-02-12,34,1,1,1
SMKRxleQ EZeYuzVibF,oAOLmwvddjtgsamQFZxYbTYTfiZ,798,2019-11-11,2021-01-25,32,1,1,1
zbzvGaHZVjyrmuFknS,PZHUQZHGyAPGVzJXD neyA,214,2019-02-04,2021-05-23,72,1,1,1
qfHWipwNLNMtqFeWgh,HWobJcPgGrLpsYSaR,752,2019-11-09,2021-02-08,98,1,1,1
zeuJmAKz,MPDfCwYhC,7,2019-07-23,2021-11-04,5,1,1,1
fDzFZfihWcgbKc,NxdWyAsscOuBgSM,111,2019-05-10,2021-01-14,61,1,1,1
NbdHTrKSW,gdNkJrjEsyjSPnIs  WT,435,2019-04-07,2021-10-28,33,1,1,1
NHiwJNtcYwuGoICZ,LPrXXaOcSH,136,2019-12-09,2021-05-14,88,1,1,1
ZHBnpRCuyfhAeoAYhGbq,hamYwwTjSJeJZrn,533,2019-04-13,2021-08-08,100,1,1,1
aoGOGopbz,zhsjdcjdRClQwAfjDpMJBQxKIjocRh,869,2019-12-29,2021-01-21,68,1,1,1
yciBsYPtkpl,w LljsteFyKF,982,2019-03-03,2021-05-17,36,1,1,1
FyqXhnFqdNxdzywHX,OBWhnT IuEfqzCr,682,2019-01-08,2021-04-23,45,1,1,1
naMhPFCTDBADnREgKqm,eNdGLtaWRLkgy,179,2019-11-22,2021-06-13,89,1,1,1
poaUmEGDT,QwSOnJKWakrpUwmvaumostKaMr,509,2019-07-18,2021-07-10,94,1,1,1
 kbULlnxc,hKykgATSImMhhUvZjOrDt,145,2019-06-07,2021-03-01,86,1,1,1
Ut PYCCAVfRH,ekolczDGTcD,215,2019-03-03,2021-12-14,75,1,1,1
MuojqNWYKTn oX,jxrSpQWTYRJ,473,2019-07-16,2021-06-22,4,1,1,1
jlGzS SpVErRzwS,UhUSWmKHiWbQA,354,2019-01-04,2021-08-06,12,1,1,1
MMPY tofytNYhKUj,BDOVpRDBrGIL,435,2019-10-19,2021-12-25,80,1,1,1
TjhDgehjkyXoapWq,qRgHIMjmmLOQCE CbKEJ,131,2019-03-30,2021-12-26,12,1,1,1
OQpIQSh,silMNopjpCYb,299,2019-12-09,2021-07-26,31,1,1,1
rrjSMMtEU,HhJvApClvnOQ,414,2019-06-15,2021-03-20,83,1,1,1
EZJxbtjHddWBBqE WM,ciUoxlhnUDfjtmxkKcV,497,2019-12-28,2021-11-05,99,1,1,1
yGYBhDkYQwaAlhEdT,iG uptPApszxIsGJ,737,2019-10-14,2021-06-05,100,1,1,1
IvXSlkAO,SmcHsUIYdFeDMHTH,479,2019-09-02,2021-03-06,29,1,1,1
tsNoSt d SKkvDgpr,FOdUCj ImaBv,481,2019-10-27,2021-01-13,52,1,1,1
LkoQYkQqaqEOz,TISwOogJPPeXUppzMPaCWcVy,910,2019-01-01,2021-05-29,36,1,1,1
WBYEbBvmaRdWPKW,QLDnuYKMteCFpEIWZCMKMiqtG,841,2019-07-14,2021-12-07,59,1,1,1
MfGwlfHVOHGMwLE,muwjkRGxsbyy hGcjPYXuPBXnTMxx,726,2019-07-16,2021-10-21,50,1,1,1
qJDLAMQ,Wd rmXAeJGQaGYp,962,2019-12-21,2021-06-12,31,1,1,1
TRWkeZgrUDoYkCIrv,xxUsRFJEeJaZvonYqbzvmaBwj,445,2019-01-13,2021-01-05,57,1,1,1
rAcmq YmPviB JCdW,RzEjgZJtuwFr,322,2019-05-22,2021-01-27,14,1,1,1
dkoRReAfOJm,uWRWANAqIgDKeRvTKYblP,200,2019-07-06,2021-04-27,9,1,1,1
gIDBATcWuqaXmaB,PAmqQakPPWJD ipzplnIml,86,2019-06-11,2021-02-26,70,1,1,1
mddttWWpzMmNUvZezZ,AXXbadDnziqmsWhiQwYzWqCxrgco,416,2019-06-08,2021-03-31,18,1,1,1
sPoLQfqNJpBHCH rCg,FXjDfXJfvC hGnmgxnQOXqCZmcNj,908,2019-01-29,2021-08-12,57,1,1,1
DvDONyUdbFXUXNSNO,AkeUgUFztI,604,2019-04-18,2021-04-02,55,1,1,1
PGykeJQSMDBpY,ShkOxlsRjWXqATfaKpPBzsXDb,528,2019-06-23,2021-01-16,97,1,1,1
uTXPOUaKi, wRGSbVq,823,2019-02-07,2021-04-28,52,1,1,1
aQLpYVgZN,IvKtIrYnAwhMF,614,2019-03-21,2021-03-05,42,1,1,1
ZjeXXivuM,WgHIAapEJtEMJIGpNKv KV,924,2019-12-29,2021-03-18,71,1,1,1
znBtk MRrNvsxsux ,kaajjPmGPBHQVJsUkVUYJ,863,2019-08-25,2021-06-22,42,1,1,1
bkNeLyhUeIWadg,vwdWIORncaFYoYuKVljIELxeXFXBP,35,2019-09-02,2021-11-12,6,1,1,1
lJbLIdezOO,QHTyKycViTBcfnkDPoZDdSwAhYHFw,317,2019-07-11,2021-10-29,4,1,1,1
QzqnIQRQkza,TlmjZCaX,204,2019-06-10,2021-03-31,65,1,1,1
NqoAokVbcvPQsI,fNRPEOIVAeJoIqBextniAJysEPZAT,62,2019-11-30,2021-01-13,40,1,1,1
AjqUsIZUYOvfpvKl,QZEZHjsUhkAnUiemlveNDmK,482,2019-08-10,2021-09-30,8,1,1,1
wKdgmdQBLtlB,hLxf lh ,378,2019-10-09,2021-08-27,7,1,1,1
gNgdyNXLkuirSyieLY,NUcQNVSIJBoii,173,2019-01-12,2021-02-12,24,1,1,1
ZdTXcCIshOe,ZSeFXRMfgPDqX,528,2019-06-28,2021-04-30,31,1,1,1
aRdNecT,SBXACPQUCqxUxUcVB,979,2019-12-17,2021-06-07,64,1,1,1
gEJDCrDv, LDJJXFolTfdoDeMUtSbfzZ,824,2019-05-27,2021-12-03,71,1,1,1
zOfWyPma,bOnyiGCYzyTwRGOgYNKHBFMPlG,745,2019-11-22,2021-07-06,80,1,1,1
xcd eRyVBIK,OaBFiZHAfcLbHFIohoVAoXOdd,318,2019-10-08,2021-12-25,35,1,1,1
HBIAAlUCaNNtL,XcJusSYxKqBI,343,2019-11-17,2021-06-26,79,1,1,1
owAdkPDE,xpMpacoLEiBaZqLWmJavQfiQXS a,587,2019-11-03,2021-10-24,62,1,1,1
QXPpNjlKDn,lvjNURvOWCUof,629,2019-01-16,2021-07-10,78,1,1,1
ObNAyxzytcPFJY,FH tKtSPbTfcVNqfYmjdulYZHzNiW,896,2019-10-19,2021-07-29,72,1,1,1
ALvuzPCoWABtHTXqHFR,VRVVZrqhELcXyYYZTjlgdRTb,360,2019-05-12,2021-03-04,99,1,1,1
HrJZcgKL,RsLxHV cVRZGxTjIGHlPW,352,2019-12-03,2021-08-11,80,1,1,1
YDRDKMwDO,fiUBQidRYFaCXzyI,110,2019-03-08,2021-06-07,99,1,1,1
gqE  hxLictgPtOPs,keRoLZBsyow YqJjpYogrZFFHkt,104,2019-11-27,2021-12-29,57,1,1,1
bObqGjVArqvwfKliBB,MFnbgneRif Tpn,649,2019-01-02,2021-11-18,60,1,1,1
xwQqIdHorsA,MFHbrDWUWt,749,2019-09-26,2021-10-24,92,1,1,1
VwyHsJ LWXHg,ASGUBDvlNkXNuRCqJYyZ,854,2019-05-12,2021-10-31,78,1,1,1
vrdmEdGUYWxn,ebuEQNDRyRCosWXtfaJIbtOWa,539,2019-08-11,2021-02-25,31,1,1,1
yVEUVzEgPQv,LFBwvIstHKBlSq,879,2019-04-07,2021-10-28,34,1,1,1
oViGhRKnpr,Bk dHZVkGpSTvIwKaKTptq,251,2019-05-31,2021-12-16,29,1,1,1
qcGUpIFCYlxACMbg,JAVGskiFqLncYllCaGuRlVszkhRK,212,2019-05-28,2021-07-15,83,1,1,1
ypuDCgVduyrQChF,krDnCEMeMqN,172,2019-07-13,2021-08-17,84,1,1,1
qpdWKLACzeCj CoMo,knReKqsDRundB,715,2019-05-28,2021-08-17,95,1,1,1
noHJTKY,RChhdAeVTCvWbvQLhwHKc AoGenYto,659,2019-08-02,2021-05-12,35,1,1,1
QDpMZHDqeYvGiojD,vnTQKnRUWb,511,2019-07-30,2021-02-11,50,1,1,1
VolRtznixaWb,QjFzJaOzZFiEoTrynoWsrZMmhhFE,77,2019-04-05,2021-01-18,53,1,1,1
CTZZVixXqalpKWP,KgWg CIbvtfjRaSJYrdynvy,395,2019-07-17,2021-12-29,63,1,1,1
UBLAfNXmDEjxneJfm,esvRjvuHNiWlGLxJrDRwCebTnLslEA,493,2019-03-24,2021-08-13,93,1,1,1
nCSXgeeJEN,vPuZMaSecwHpJTYBWDcdmA,169,2019-05-31,2021-01-09,51,1,1,1
WqxEOoligCwgkol,yCEE kDnH,278,2019-09-03,2021-03-03,90,1,1,1
y YRgsAP,yofIFcPwZkDIdFFkrdotRMN,894,2019-02-19,2021-01-11,24,1,1,1
GvLvB aFOSNGk,ZZ  FVEseMq,786,2019-01-19,2021-08-24,54,1,1,1
XkusXteZJiKQPxeQHKEp,qXjRGclbeXzahgagjdgOA,486,2019-07-19,2021-02-08,19,1,1,1
LgbGbMmaZmdEg,FyEYWIVzt,867,2019-09-18,2021-05-19,36,1,1,1
fAnAmIbaBPrHmLodrQi,ukGkEdjiJBMCenMnY,243,2019-08-28,2021-11-12,93,1,1,1
FleCREqywsyrYYMbL,ydfCpzkvlniqeIwoaVLAGdKLbv,628,2019-11-30,2021-10-26,18,1,1,1
xKEhdWqHgKNWb,nArWPIGomwrNfItKcAYrXKe,399,2019-02-01,2021-12-22,45,1,1,1
ucOVTzhdHozGyle gdS,jAqDFKSuxMB,157,2019-01-28,2021-11-19,21,1,1,1
zXjAvjZuddtsUuIZCnP,LJHeRyB JvqeRtgTI,235,2019-02-16,2021-01-23,91,1,1,1
uUq xHtwuDNV,IgqptVJGqRwsgBPcX BWsJLpw,418,2019-06-19,2021-04-08,95,1,1,1
sYbLAOSlx,QoLMIDdfDeetvMKk,44,2019-02-23,2021-06-03,32,1,1,1
YQzGHMpByZcxXnW,riJHqDiItRB sedxzjKtjkGjEM,415,2019-09-20,2021-03-31,44,1,1,1
ZpiHyAcAeMkRvAzKViA,EJNWAeEBeNnssOjBMlW,335,2019-04-20,2021-09-09,7,1,1,1
qWVCryVq OtUie,XXzYoQwQhyt,786,2019-03-05,2021-10-17,80,1,1,1
tUbsELhAZsDqSiXUJ,KhnbHYPsqpsAdfKXodhLLPRpVQv,310,2019-08-13,2021-08-15,8,1,1,1
sPRznqD,PoHHiDYyOtoqpeSQYyfAu,951,2019-07-03,2021-03-16,14,1,1,1
VnWjJefWpjf,jRaHySjHTwzrFWGYuzk,956,2019-04-05,2021-09-23,39,1,1,1
uaSXVSBVgsFUccoA iCD,ygoMRLdsZUmNkIBPdoGzSS,167,2019-06-14,2021-10-04,87,1,1,1
RKkCleTcsUrVDxuQiDT,HFIywW ERQarZkhYSzMKNrwkTudw,714,2019-03-21,2021-12-01,27,1,1,1
CpnmmsjoQuaucvv,izAWSJTR BQYMEcJBblLydR,828,2019-12-11,2021-06-18,51,1,1,1
AusIBHoPBw,KDfexyjYvrc,631,2019-01-14,2021-04-18,38,1,1,1
EghZkcAVcichp,NhwpqlZDaMbTogIWRKsiYzBRoVnjP,774,2019-12-06,2021-10-14,84,1,1,1
gAwlALmGFpWRlDH,zcPVGimcASoMjEFAAZYoIibvi,908,2019-07-02,2021-06-13,69,1,1,1
PnMfZmCfWzQRQSyamH,jykQgFNptDOnAiQTmpeGpRo,451,2019-09-23,2021-01-24,62,1,1,1
vNojkSIbmwYbckbovx,tsnKJLafU HdMrtQyo,179,2019-07-11,2021-04-09,23,1,1,1
IaFMoNP,ubvsmFWymt,427,2019-12-06,2021-01-25,28,1,1,1
yQyneLgdBnAkWnQXkf,EOYPtHwigFClvPZwtfAEUck,538,2019-11-10,2021-04-24,89,1,1,1
ZTQLXUk vj,LAQuHwNngorinSPcb,762,2019-10-06,2021-08-07,61,1,1,1
rJVmRjijUwAIOtzawZT,EFCaTthV,346,2019-02-03,2021-05-09,45,1,1,1
gyW kONZoLuCgBVxg,qLxA blYaAR,275,2019-02-27,2021-05-25,43,1,1,1
ffEPQkGYHEAMsRFU ,LVcSCpRUvydqVQgoOkXBeG,620,2019-02-03,2021-08-26,66,1,1,1
FJGxdbqWR,qbxWqJpTOrquoNuxKubQzKuELF,218,2019-03-01,2021-03-05,31,1,1,1
SSutcCZ bFOfw,rOGKXroZePAPIXkEadHRlXYt,340,2019-05-31,2021-02-08,90,1,1,1
soPWqbZACYM,kZqpEmzeNgeKWTcc,911,2019-05-18,2021-12-11,89,1,1,1
 afTYjufJku,OoESaWZEqcDUrbAdrf,553,2019-07-22,2021-11-07,22,1,1,1
aobxuJaINftJ,pShR  RlGHhbJUaUbg Muk,78,2019-05-08,2021-06-29,100,1,1,1
OmhVDVlVURDBBdcMY,LjfWANtAEna,790,2019-10-23,2021-08-26,6,1,1,1
HykNBPIjfL,maeBEhDWVRyohzIUO,785,2019-09-22,2021-01-06,17,1,1,1
kcPdmtJCE ,ODBfLEtHFSdszK,109,2019-02-21,2021-05-03,17,1,1,1
shjkaFLRTzGolbblfu,pYiLyUtgBebiWzsGkrTxcqz,29,2019-09-27,2021-03-26,53,1,1,1
bPsXEXNaA,TVQBJdBkUycqskSFWQnGw,304,2019-03-14,2021-01-31,44,1,1,1
qgyJnY bVRoEsWMOKt,HtTHuExaZHYydKtOysfMbCtnKXpuv,880,2019-11-30,2021-10-17,49,1,1,1
ZBdZSQnFxRcUdjH,ZTDXTaDRfpqMeFw,436,2019-08-23,2021-10-05,48,1,1,1
SzAmUbfxVfuS,XaozOMUiPlWTbojwNuXNeGTiHNoaf,28,2019-01-13,2021-09-07,61,1,1,1
GoXsVPSOoxkvZFPsimhn,AQzGcqNSxcJeCMcPLzZlF,46,2019-06-25,2021-11-20,86,1,1,1
xXXSICqiTA,lMXqPdhizqJXHfhowONksDvMuvKb,326,2019-12-18,2021-01-03,85,1,1,1
wxCilpnNSM,yPBurSQbnvawftCqyWCdI,536,2019-06-20,2021-06-16,68,1,1,1
lmQlIAeEdSSZuRFn,rEXGiljeRpTAh,115,2019-03-16,2021-06-22,18,1,1,1
GFWTaVI,iHcheTAxzPdyrPIhTQyXlfZnIac,776,2019-07-19,2021-10-17,88,1,1,1
SovqsXfnIbvSOTS,qQWSmMUcQev,344,2019-04-18,2021-09-17,28,1,1,1
EorwMexmgdnYN,xPzTSflQBMkEFUxDPQSnc,657,2019-05-31,2021-12-08,67,1,1,1
weCEQVnSKtilZFrKyheI,gSWaIPZMmaGiDnqbjaZ,138,2019-12-16,2021-01-12,99,1,1,1
LfeJzQYqFQnw ,cDLcuDXOTQDuOCiIHWkgMyXtlgpA,92,2019-05-27,2021-03-21,68,1,1,1
duvaSGpb,IAZOAkdm,290,2019-09-25,2021-10-01,44,1,1,1
PrSvyMUaPI,WqS AoSWLyMHEjzYfV,22,2019-02-01,2021-08-10,92,1,1,1
QnFzAdVKDsCkqN,PlRRTKSZllLiVvcpLdtyr,561,2019-06-04,2021-08-04,36,1,1,1
wUJEyMz,sBypUGLppCV,609,2019-01-03,2021-10-29,87,1,1,1
skHfEEpkHADAKSQYM, RvRpynBaIiEP,413,2019-08-16,2021-10-21,36,1,1,1
dDxouSfgxaSA,zMotEXsrxAQ,209,2019-01-08,2021-12-12,17,1,1,1
Q LroeaVs,febSmLBQB,993,2019-03-04,2021-12-27,85,1,1,1
IfMRAPR,VsbYUaXynPFhXidkWovkGCDR,919,2019-01-27,2021-03-30,59,1,1,1
tDsWJyjWkg reEvvxRc,fqLNwvdApFavSRVx,962,2019-01-19,2021-07-15,2,1,1,1
FbbSpaADFPT,mqUGfdPjwBgawJJmQnoZekyPTGXS,747,2019-09-04,2021-07-27,27,1,1,1
YwTUfDkaTosN ZBPK,fmW FMrOYxdpviyKUDnOIOBxp,389,2019-10-17,2021-07-06,80,1,1,1
 yCSppk,ScaQynxTXhlqd HCTwcvBoolz,755,2019-04-12,2021-09-30,16,1,1,1
Y cRKbdiloPNEnPAyq,xAVpmpBvBT,630,2019-11-29,2021-11-20,82,1,1,1
tARmQeoeFz,NXbdJGfjquZHqHT,437,2019-06-10,2021-09-21,31,1,1,1
UMtYashWbAggku,RMsboDWRrzAhIbdlZjPoLGjSBi,954,2019-03-16,2021-10-21,75,1,1,1
uReJdHRUfGsHWDmS,cSqyHDCNuxLVVyYgEoLZYCYAa,428,2019-12-20,2021-08-11,41,1,1,1
kOmtTDivbK,Mm ipHBnnlwVbvpEc,658,2019-04-12,2021-03-24,86,1,1,1
RIZAjzlj, CEsb vYUNyxBcjcOSX,472,2019-02-28,2021-07-23,68,1,1,1
kNXrVvT,eGFqxDOiXwe iovVWRmvN,349,2019-05-27,2021-12-29,87,1,1,1
hyQSRjPViFGDL,PAKCMMqlNLCJSiYQ,395,2019-03-17,2021-03-29,76,1,1,1
OsPUiYZBoKRRU,HzLqdqzOmtnOhbzud,924,2019-10-16,2021-03-25,16,1,1,1
trYBmhKPMozdN ,GsDFuRzE,450,2019-10-08,2021-12-07,90,1,1,1
J retQFoGQoyV,VEuJgiMVyPiVGoRyfkyBteUG,401,2019-04-08,2021-05-16,77,1,1,1
ExoF ajPoHSMCKfapD,FVEUCwDi RiuRVCqVydjbNQi,718,2019-06-21,2021-01-20,78,1,1,1
IXloqfPZUxAz,VVdyKeUgxI,403,2019-11-22,2021-12-12,17,1,1,1
 bUpSLM,cCrIOzzWQFlUHJGOpeWxRNsqBH,558,2019-11-29,2021-05-01,58,1,1,1
poy wZKcI,fRGGpOfEuFpRfkmmLtRbQJmkIv,807,2019-12-14,2021-08-31,96,1,1,1
glJMoKRib,hynoQXEzmpgKdj,876,2019-07-27,2021-01-24,58,1,1,1
TrTopeNDFxDTEl,qchEVMZ IWSXzSfBVwlFPRPVdMNJ,878,2019-04-28,2021-09-28,88,1,1,1
tOWDTboSBeaXLKxAflL,HiODNvORfygxLSqLSlpdjmLJNbv,879,2019-11-02,2021-10-11,97,1,1,1
BYgYwKTPNVfstzdwR ,IZhTAcEqEMbLuGHD ,678,2019-12-02,2021-02-08,32,1,1,1
LWaiWjWigpc,dhNDXkLfsIKqPEhdKETrIgLQahmm,317,2019-04-15,2021-04-27,96,1,1,1
wGvlulIoRKcBjIGAY,XiFMzaxsBAaHypajxJKEm,892,2019-07-06,2021-10-18,7,1,1,1
zVhCcmJfzOnVchmUjT,sqBvbjrKXHMbASTycPJmEw,419,2019-09-23,2021-10-18,72,1,1,1
SgQLtO fD,NsHvNDjQlEFAliEXw iKoZWgCAITj,700,2019-09-09,2021-08-20,46,1,1,1
QEQzUGRgS,TjZverhGaa,170,2019-07-31,2021-08-31,88,1,1,1
fCbXqTnCJXRi,ViKAEo jKSlNu,723,2019-06-26,2021-06-14,16,1,1,1
oDUqdmYSqju,cFulpFeIZ,281,2019-11-26,2021-05-12,100,1,1,1
AMFdtEP,fRbecvFQgLbIfldv,774,2019-04-10,2021-12-15,15,1,1,1
pdpiCPuRVCikQQAZ,TONHaTTfXMiMmhNcHNnNd,352,2019-10-17,2021-01-06,84,1,1,1
iIOtoEkrKaONUd,lNQLySxFZaZhGjVyaPR,873,2019-05-30,2021-12-08,49,1,1,1
GSeAsNyguJktSTaJJH,KekLVFd HNpnqjNrBPPhldNxHOmr,922,2019-11-28,2021-03-21,83,1,1,1
mgNnryJpOzPh,FHxRJKmL pAQs,464,2019-12-27,2021-09-19,53,1,1,1
hliERGn, FSgLGPTgBIkUYYM sotB f,79,2019-11-04,2021-07-19,53,1,1,1
qPEeYGYqtEedQKriixi,iDfGSQMxuLgb,381,2019-05-16,2021-10-10,57,1,1,1
dRINbvnDztr vacd,SNBZANsVmtPqcXgjC,401,2019-03-24,2021-02-12,51,1,1,1
yAsvGYiui,dcwPlYpMUhsPogqMLYM,912,2019-01-25,2021-07-24,46,1,1,1
 rAqWalfQoXeUyYlqv,tKyjUtQxGtcmBEjVB,230,2019-04-18,2021-08-19,56,1,1,1
MpFoslgo,UcdwrrSwDDZgSYVDXpQbUnq,196,2019-11-02,2021-05-16,83,1,1,1
qBSDoBYTeB,XHcELCRlBMQboIJsWAxdvunOs,207,2019-05-04,2021-04-14,80,1,1,1
MEoCayjKVxgIoPetAMQ,tZCDoZBnja,839,2019-09-09,2021-01-07,73,1,1,1
hFbhNFddQrzqopuDEIbU,UOfkbVyOlbZiDqvb,843,2019-02-10,2021-08-20,57,1,1,1
TzRGAflomTQtwnTloMy,gQODbkLIaqedaAw uSWysyeIpL,153,2019-02-28,2021-03-23,83,1,1,1
NfiEUHKMxEp ,GouvHxMjxuXvbmPAeFzZV,199,2019-11-21,2021-08-27,98,1,1,1
pzNqmCj,SEEDVqPFNYN,860,2019-09-16,2021-08-08,75,1,1,1
VboTAnoLF,g xJspOlNbfQHH,338,2019-04-16,2021-07-09,94,1,1,1
ytPoOCvHTtCPfdN BqJ,vEBTdjYRinarzOXttseFPOVuNuebMB,370,2019-12-17,2021-06-20,56,1,1,1
hzUmWOZpmeTsa,JtBt aIh e UTtEsLsKbhlNUY,985,2019-05-11,2021-04-07,18,1,1,1
CLJqQbPH,wQfCcTYxjkWgSngzeiRjfHQ,622,2019-04-30,2021-04-07,92,1,1,1
tpyhNiUhhBjHeHBs,JMGp acgggqivDliTYQPKnEbQObmEU,460,2019-06-14,2021-10-15,30,1,1,1
NBWWrEjmeiv ,eUcTiatymOM,827,2019-08-10,2021-06-17,75,1,1,1
ehUgmKWq vH,  SrdNABxwlQIjcKjgDZcr,104,2019-02-24,2021-09-25,96,1,1,1
YnuLEDazOhFmHiCM,bVnOWUkGhMUPcHRWS,561,2019-11-30,2021-12-11,35,1,1,1
cmxnbVywTZbpkFwaNmr,IMgHIuOLnKjonqRZUNQPcBWbnha,939,2019-07-22,2021-11-13,43,1,1,1
rjhopey,kvLMGZqgz,1000,2019-03-05,2021-08-08,79,1,1,1
furorkYoShf GAL,BkHDHpJFRlRwkFsHQob,62,2019-12-27,2021-09-29,31,1,1,1
emKVPnWkweQqxWgMSCf,xRypxiHmgCHsvfhkDFOw,975,2019-09-17,2021-06-22,26,1,1,1
wwzwEHE hxnuGkT,TTAlEFUCIlmtYSkCA,458,2019-02-11,2021-06-17,17,1,1,1
hjRojUBPtQlvyQUBejsh,nipqkMqIVGRtAty UBVytcSWv,7,2019-06-05,2021-03-09,17,1,1,1
LjF eYoHfWqi khJHdgt,mdOHkUccmbGLajkwWDlcFVjwt,509,2019-10-12,2021-01-01,98,1,1,1
WHsvRGpWVLpLlU,BHnknAFjCT,712,2019-08-24,2021-06-04,26,1,1,1
gouQqXrT Qj RQNHUZ,CbEZHJIpwnCLgVfrsVBohuqTDrmW,920,2019-06-05,2021-06-18,50,1,1,1
gFDIPPUpCDoaAkMQqU,UPeXaDUQGZtAMaIXwyqS,608,2019-09-27,2021-06-25,80,1,1,1
uJfKDMwXFHyqonDHd,CSIHgUZqopiou,621,2019-02-07,2021-11-11,4,1,1,1
LcrQdVmottSNjoVwk,WjZyWALr,39,2019-08-03,2021-12-08,100,1,1,1
ztKPjRMpQDpvPxq iJLj,hrUoLPxBKsAx,916,2019-10-15,2021-07-14,93,1,1,1
wJNVaDWTIy,vCcjfJoqkzrjNC,213,2019-10-06,2021-02-18,100,1,1,1
ddhvHZAPbGuiuLTzkh,RYmGBVaXWkWw hu,170,2019-11-23,2021-12-17,4,1,1,1
WVrVGmiNbpnzIgr ,BmpgsNemyVmwhDnSWzcGXCtzTIVjJy,758,2019-07-02,2021-09-19,90,1,1,1
ESrNTcFZBhlswBS,wZomuOmreWvsJm,804,2019-09-20,2021-09-01,1,1,1,1
NBsUTuKYaZcvyMu,SUKVtpXiWVeS,330,2019-12-30,2021-09-16,39,1,1,1
pTcmZDUGFKpvxeTqAVHH, RpQtLDtAbspHR,288,2019-03-05,2021-01-05,88,1,1,1
jvspkeWbf,amcZFlpJEYffbCephQYnGK NS,759,2019-09-01,2021-03-11,41,1,1,1
BgcbkSw ifo,uSyIpAlNldieQhSkhEJoDEE,848,2019-06-08,2021-04-02,79,1,1,1
dpkhmCtpGeTJBMBt,RNVwAxvnsPUV,159,2019-12-10,2021-12-13,16,1,1,1
b XLENNGB EXeCW,LTrOGOzbkXn dJbYx,563,2019-10-20,2021-10-30,93,1,1,1
pMnIppuvhZNNl,cQnZrzheZSKBgBqlxTjycMe,457,2019-07-06,2021-11-19,94,1,1,1
 HNo slMrvC,HdHgVQOLKUhifwIVRREUhhCUdfxF,705,2019-12-24,2021-11-06,52,1,1,1
imnrRxcGqnHn WRfNri,rRwSyoFLShiGSClRCzGYWeZHS,205,2019-03-19,2021-03-27,36,1,1,1
wUwRKuP,Bc ZpOVKaMxVa,533,2019-09-14,2021-07-09,44,1,1,1
sgxOWPHaTOwKzKvIKKQ,oREbnOUfbDDTV wvweStAQXIbQ,683,2019-07-17,2021-08-29,57,1,1,1
mdyYihR,UOP LmXfjLRss,261,2019-06-12,2021-12-08,10,1,1,1
OvHkDUJtqCKpqtFhhW,tfXCLvKbluFHvBxretjO,275,2019-09-24,2021-05-29,99,1,1,1
JRiacHQSLvAe YQupB,OUXIYADNe,377,2019-04-13,2021-03-25,15,1,1,1
anDOxTWTjeAnehd,rTDujOZVSJeetOvcesQHDOtirqXdv,560,2019-11-19,2021-10-25,64,1,1,1
YateKiOQUfO,EDuZQZdmB,639,2019-01-21,2021-09-10,70,1,1,1
BtCcNkxyzJCFoCnPyp,CPPLHrIGPmfKSgGrAPbnd,843,2019-09-27,2021-11-03,52,1,1,1
FbYYInOSyfjVZpWmfMv,DhXPGHGzXCqhdPXPohJ,267,2019-07-02,2021-11-20,64,1,1,1
KnuaK JdyDOGMipqzEs,bAFlYXUnxiHMIPxPbEXLLQ,627,2019-07-16,2021-12-01,58,1,1,1
mzotcxRwY,gnPbXRIWceh,754,2019-06-11,2021-02-08,79,1,1,1
LcKlvRCiU,BqBqcXDiWOsqd,436,2019-11-11,2021-04-24,57,1,1,1
OjhUjFFAG,kRuOjfxhjUDFNmXgZXJYftUhg NIV,166,2019-08-12,2021-06-26,60,1,1,1
MOPXAJpxwGnnZlWlok,dyvwriXvnVrh BRmXndSsBeqzlX,921,2019-10-21,2021-02-25,7,1,1,1
xnyQATpwmmxau,cbmoBZtL,511,2019-05-01,2021-03-02,75,1,1,1
VKejtuaQuyGAytI,sCXSIFkSXDfymiRLyn fjMRzPYf,982,2019-02-21,2021-10-12,91,1,1,1
uQchsqemO,vrTKrvRLHdP,940,2019-08-10,2021-05-17,8,1,1,1
JVUJjhyqNT L,FScKGMBqUZpaEuzXGCah,366,2019-02-18,2021-02-18,37,1,1,1
LrsjEWiNkgGSV,wAXCjqhHhcobTaCIXlFkGdmsGPz,3,2019-01-19,2021-11-25,13,1,1,1
qbGWwYyJTbQ,XLqOwISUGrlyP t,492,2019-10-30,2021-11-09,61,1,1,1
kywoNQaYctn,MOiVQOyybwgXxbK IDSdqpWmyFm,888,2019-11-20,2021-12-09,68,1,1,1
tujKeTCKzbzIFZR,TfpdgDYAjh,402,2019-01-14,2021-08-23,1,1,1,1
ygGBdGlkeogWBexKZh,JICrmYGQJiCoVRbiKRgxvWtTghYerq,766,2019-10-31,2021-11-05,54,1,1,1
GxntCjQsboMx,rqaeIFpRPwmM,255,2019-08-13,2021-09-06,56,1,1,1
N cZWOKFIUszIzaz,vfIIMDTxkTwagdL,990,2019-06-02,2021-11-29,89,1,1,1
zmXLjETWjoYTFXIGdPO,tTOLBZoLmRFYOD,782,2019-02-04,2021-03-07,41,1,1,1
APAUnRdhyGAklEmh,gxpFshd QVbXNzAsmgHrtRlQnN ,61,2019-10-07,2021-05-27,17,1,1,1
JyQHlvievQQc,dAFvBkzK,186,2019-02-08,2021-09-16,91,1,1,1
LYCn RqmUQcFGS, fokpnFffnYdGMBPMaSQxn,741,2019-07-06,2021-12-10,90,1,1,1
gXvJzXIjShTXucQfQ,PieZHgFkmXmuJCsXGlbruLZkmNkP,578,2019-12-03,2021-03-07,82,1,1,1
ZRmRZXXkSJloyvKNR,CfhlIyQsEsDUAA,731,2019-06-19,2021-01-22,2,1,1,1
KOLbFEQwd,zbZWim oxneslRFGXYpzNgufpA,490,2019-07-11,2021-01-19,16,1,1,1
TpdaaZCOMdDsbxi,okmLwhSCIMoithjGuygnp,267,2019-07-06,2021-12-02,43,1,1,1
PwiIQsaMnSicLDHFd,fqNwBhjBifNqiy,196,2019-07-22,2021-01-10,62,1,1,1
